FirstName,LastName,Email,BirthDate
Deacon,Blair,eu.nibh.vulputate@uterosnon.net,21/04/1990
Katelyn,French,eget@lorem.net,31/07/1987
Montana,Merritt,Pellentesque.tincidunt.tempus@erat.net,17/12/1985
Buckminster,Long,magna.Ut.tincidunt@ultricies.org,22/01/1988
Burke,Cooley,neque@nonquam.org,12/10/1990
Castor,Ray,commodo.hendrerit@apurusDuis.com,14/01/1982
Murphy,Mccoy,quis.arcu.vel@eros.co.uk,30/12/1976
Drew,Bennett,natoque.penatibus.et@cursusdiam.edu,18/11/1983
Nissim,Landry,id@enimCurabitur.ca,19/01/1997
Nehru,Talley,nec.urna@adipiscingelitEtiam.net,4/09/1984
Ferdinand,Ramirez,luctus@Suspendisseacmetus.net,3/11/1983
Tiger,Figueroa,tincidunt.nibh.Phasellus@malesuadaiderat.co.uk,18/09/1975
Adria,Nelson,risus@rhoncusProin.net,13/03/1977
Rose,Medina,eleifend@vulputate.edu,22/12/1987
Cassidy,Vega,et.ultrices@Phasellus.org,18/05/1996
Sydney,Wise,eu.neque@consequatnec.org,1/02/1982
Zenia,Pace,purus.accumsan.interdum@felis.net,3/05/1985
Neve,Jenkins,ornare.tortor.at@facilisisSuspendisse.edu,23/01/1997
Forrest,Knight,Nam@CurabiturdictumPhasellus.com,28/03/1997
Avye,Hill,non.nisi@loremvitae.net,28/11/1975
Kermit,Mcleod,eget.odio@Donecfeugiatmetus.com,29/07/1990
Malachi,Gay,elit.pellentesque@etlaciniavitae.com,10/11/1993
Ciaran,Rodgers,ligula.elit@musProin.co.uk,29/06/1982
Hop,Stephenson,Praesent.eu@Quisquetinciduntpede.net,25/04/1999
Cecilia,Becker,netus@magnisdis.ca,6/07/1971
Richard,Lowe,at@morbi.org,25/06/1976
Ebony,Murphy,quis@ridiculusmus.net,25/12/1977
Palmer,Jordan,in.consequat.enim@eratvolutpat.com,1/01/1985
Halla,Mcknight,arcu@tellus.co.uk,31/05/1984
Adena,Wilder,aliquam.eu@nunc.org,19/06/1969
Elliott,Clark,est@non.net,25/03/1986
Craig,Kennedy,vitae@consequat.ca,18/04/1980
Savannah,Burgess,lacus.Nulla@scelerisquemollisPhasellus.co.uk,8/08/1987
Aristotle,Russo,semper.erat.in@commodotincidunt.co.uk,30/12/1978
Kennedy,Burris,Cras.pellentesque.Sed@et.co.uk,31/07/1994
Wyatt,Glover,pulvinar@Fuscefeugiat.net,22/03/1977
Adam,Huffman,est.Mauris@leoMorbi.co.uk,17/04/1970
Clark,Cabrera,diam@eratEtiam.ca,27/07/1991
Reece,Moran,Nulla@amet.net,10/02/1971
Xerxes,Reed,lorem.auctor.quis@parturient.com,29/10/1990
Cara,Browning,libero.Donec@nulla.ca,26/06/1977
Sade,Bailey,quam.Curabitur@accumsansedfacilisis.org,18/08/1982
Brent,Gilliam,Fusce.aliquet@liberomauris.com,22/10/1977
Cooper,Anthony,volutpat.Nulla@mollisDuissit.org,6/06/1990
Ulric,Pennington,enim@Aliquam.edu,17/02/1982
Lillith,Bradford,vel.sapien@enimNuncut.ca,5/03/1990
Paki,Craft,Integer.vulputate@vitae.edu,22/09/1993
Lacota,Bates,nulla.In@ultricesmaurisipsum.com,25/07/1993
Myra,Kim,ipsum.dolor@pellentesque.co.uk,15/09/1980
Quamar,Oneill,nisi.nibh.lacinia@lectusquismassa.edu,12/11/1974
Ronan,Blair,id.nunc@amet.com,26/05/1993
Lilah,Mann,nunc.ac.mattis@hendreritconsectetuer.com,9/07/1995
Oscar,Langley,tincidunt.aliquam@vitae.net,4/03/1990
Jael,Sharpe,consectetuer.adipiscing@feliseget.ca,21/01/1985
Yuri,Welch,arcu.et@gravida.com,23/05/1998
Zachary,Velasquez,Mauris@magnaUttincidunt.ca,28/02/1998
Honorato,Hurley,turpis.egestas@etmalesuada.ca,6/12/1976
Ciara,Tanner,iaculis.quis.pede@aliquet.edu,6/01/1982
Lamar,Buck,Sed.eget.lacus@estarcuac.co.uk,18/09/1984
Simone,Henson,libero@nequevenenatislacus.edu,21/09/1978
Audrey,Everett,est.vitae@egestas.org,1/03/1991
Shad,Mullen,vel.mauris@molestieSed.com,7/04/1976
Idona,Parsons,justo@seddolorFusce.co.uk,12/06/1993
Dante,Boyd,ut@Fusce.edu,1/10/1996
Taylor,Barry,Nunc.sed@idsapienCras.org,1/08/1996
Hannah,Ingram,erat.vel@eleifendnuncrisus.ca,12/12/1995
Vanna,Barker,nec.enim@eueuismodac.net,1/05/1985
Bo,Odom,cursus.purus.Nullam@eu.ca,10/07/1993
Cameran,Deleon,luctus.lobortis.Class@auctor.ca,2/10/1990
Victoria,Webb,vitae.posuere.at@Duisatlacus.com,7/11/1991
Violet,Vincent,laoreet.libero@sagittis.net,29/03/1990
Geoffrey,Crane,mi@semegestasblandit.org,3/04/1997
Cherokee,Solomon,ipsum.Suspendisse@luctusaliquetodio.ca,15/04/1983
Zahir,Cote,est.arcu@sed.co.uk,16/03/1996
May,Olsen,justo@facilisis.edu,5/07/1989
Leila,Guerra,elit@semNulla.com,27/10/1971
Evelyn,Garrett,quis.accumsan@at.edu,18/02/1992
Forrest,Lancaster,Nulla@tellusSuspendissesed.ca,16/03/1969
Norman,Kirkland,enim.sit.amet@Donecnibhenim.com,13/09/1990
Maris,Mayer,ut@posuerecubiliaCurae.org,11/12/1991
Eugenia,Lewis,blandit@idmagna.co.uk,16/11/1987
Marshall,Anderson,Pellentesque@aliquamiaculislacus.net,8/09/1979
Guy,Calhoun,fringilla@sollicitudin.net,17/09/1996
Teagan,Mosley,Phasellus@egetmetuseu.net,21/09/1979
Nayda,Velazquez,enim.Nunc.ut@massarutrum.com,24/08/1996
Lacy,Osborne,ante.ipsum.primis@luctus.org,9/09/1987
Lunea,Herring,nunc.sed.libero@dui.com,7/11/1984
Jasmine,Wilkinson,pede@Nuncquis.ca,11/12/1970
Lila,Mcneil,Fusce.mollis@Nulla.edu,13/08/1993
Reagan,Wilkerson,Pellentesque.ultricies@lectusrutrum.co.uk,27/04/1988
Branden,Grant,dictum@eu.org,29/07/1997
Louis,Owen,sociis@mifringillami.co.uk,1/03/1999
Dylan,Whitney,scelerisque@nullaatsem.ca,4/01/1990
Price,Clark,Aliquam.erat@egetmetus.co.uk,25/01/1990
Noble,Bernard,arcu@liberoat.com,10/03/1996
Dieter,Torres,gravida.non@auctorodioa.net,14/04/1977
Charlotte,Giles,imperdiet.erat@Mauris.com,13/09/1969
Imani,Vinson,pede@a.com,17/01/1987
Nina,Rogers,augue@Maurisnon.co.uk,19/10/1971
Alma,Gilmore,molestie.tellus@nisi.edu,6/05/1974
